{"cameraMode":{"drawMode":0,"name":"Shaded","section":"Shading Mode"},"sceneLighting":false,"audioPlay":false,"sceneViewState":{"showFog":true,"showMaterialUpdate":false,"showSkybox":false,"showFlares":true,"showImageEffects":true,"showParticleSystems":true},"in2DMode":false,"pivot":{"x":-0.6122646331787109,"y":11.025702476501465,"z":-5.150781631469727},"rotation":{"x":0.06590184569358826,"y":0.914399266242981,"z":-0.3634326159954071,"w":0.16586092114448548},"size":17.088634490966798,"orthographic":false}