{"cameraMode":{"drawMode":0,"name":"Shaded","section":"Shading Mode"},"sceneLighting":false,"audioPlay":false,"sceneViewState":{"showFog":true,"showMaterialUpdate":false,"showSkybox":false,"showFlares":true,"showImageEffects":true,"showParticleSystems":true},"in2DMode":false,"pivot":{"x":-0.9475955963134766,"y":11.412129402160645,"z":-1.4443066120147706},"rotation":{"x":0.03495451807975769,"y":-0.679107666015625,"z":-0.03241927921772003,"w":-0.7325063943862915},"size":13.280054092407227,"orthographic":false}