{"cameraMode":{"drawMode":0,"name":"Shaded","section":"Shading Mode"},"sceneLighting":false,"audioPlay":false,"sceneViewState":{"showFog":true,"showMaterialUpdate":false,"showSkybox":false,"showFlares":true,"showImageEffects":true,"showParticleSystems":true},"in2DMode":false,"pivot":{"x":329.0799865722656,"y":3.799999952316284,"z":230.4499969482422},"rotation":{"x":-0.10276468843221665,"y":0.7861936092376709,"z":-0.13601899147033692,"w":-0.5940428972244263},"size":0.2814851999282837,"orthographic":false}